development_group,resource_group,person_name,api_key_id,old_group_id,old_gpt_account_id,gpt_account_id,gpt_weekly_limit_usd,deepseek_limit,login_email
ecube,ecube-A,客户001,18,261,53,51,300,unlimited,customer001@example.invalid
ecube,ecube-A,客户002,20,261,53,51,300,unlimited,customer002@example.invalid
ecube,ecube-A,客户003,21,135,75,51,300,unlimited,customer003@example.invalid
ecube,ecube-A,客户004,22,198,51,51,300,unlimited,customer004@example.invalid
ecube,ecube-A,客户005,24,72,47,51,300,unlimited,customer005@example.invalid
ecube,ecube-A,客户006,28,135,75,51,300,unlimited,customer006@example.invalid
ecube,ecube-A,客户007,30,198,51,51,300,unlimited,customer007@example.invalid
ecube,ecube-A,客户008,31,198,51,51,300,unlimited,customer008@example.invalid
ecube,ecube-A,客户009,33,198,51,51,300,unlimited,customer009@example.invalid
ecube,ecube-A,客户010,45,450,68,51,300,unlimited,customer010@example.invalid
ecube,ecube-B,客户011,17,450,68,67,300,unlimited,customer011@example.invalid
ecube,ecube-B,客户012,19,387,67,67,300,unlimited,customer012@example.invalid
ecube,ecube-B,客户013,23,387,67,67,300,unlimited,customer013@example.invalid
ecube,ecube-B,客户014,25,324,54,67,300,unlimited,customer014@example.invalid
ecube,ecube-B,客户015,26,387,67,67,300,unlimited,customer015@example.invalid
ecube,ecube-B,客户016,29,135,75,67,300,unlimited,customer016@example.invalid
ecube,ecube-B,客户017,32,450,68,67,300,unlimited,customer017@example.invalid
ecube,ecube-B,客户018,34,135,75,67,300,unlimited,customer018@example.invalid
ecube,ecube-B,客户019,43,387,67,67,300,unlimited,customer019@example.invalid
ecube,ecube-B,客户020,44,324,54,67,300,unlimited,customer020@example.invalid
dpad,dpad-A,客户021,39,324,54,47,300,unlimited,customer021@example.invalid
dpad,dpad-A,客户022,40,72,47,47,300,unlimited,customer022@example.invalid
dpad,dpad-A,客户023,42,72,47,47,300,unlimited,customer023@example.invalid
dpad,dpad-A,客户024,47,72,47,47,300,unlimited,customer024@example.invalid
dpad,dpad-A,客户025,56,72,47,47,300,unlimited,customer025@example.invalid
dpad,dpad-A,客户026,58,198,51,47,300,unlimited,customer026@example.invalid
dpad,dpad-A,客户027,64,72,47,47,300,unlimited,customer027@example.invalid
dpad,dpad-A,客户028,65,198,51,47,300,unlimited,customer028@example.invalid
dpad,dpad-A,客户029,82,387,67,47,300,unlimited,customer029@example.invalid
dpad,dpad-B,客户030,1,261,53,68,300,unlimited,customer030@example.invalid
dpad,dpad-B,客户031,3,387,67,68,300,unlimited,customer031@example.invalid
dpad,dpad-B,客户032,50,450,68,68,300,unlimited,customer032@example.invalid
dpad,dpad-B,客户033,54,324,54,68,300,unlimited,customer033@example.invalid
dpad,dpad-B,客户034,60,450,68,68,300,unlimited,customer034@example.invalid
dpad,dpad-B,客户035,67,450,68,68,300,unlimited,customer035@example.invalid
dpad,dpad-B,客户036,80,450,68,68,300,unlimited,customer036@example.invalid
dpad,dpad-B,客户037,84,450,68,68,300,unlimited,customer037@example.invalid
dpad,dpad-B,客户038,87,450,68,68,300,unlimited,customer038@example.invalid
ecube,dpad-C,客户039,27,9,74,74,300,unlimited,customer039@example.invalid
dpad,dpad-C,客户040,35,9,74,74,300,unlimited,customer040@example.invalid
dpad,dpad-C,客户041,37,324,54,74,300,unlimited,customer041@example.invalid
dpad,dpad-C,客户042,48,261,53,74,300,unlimited,customer042@example.invalid
dpad,dpad-C,客户043,53,9,74,74,300,unlimited,customer043@example.invalid
dpad,dpad-C,客户044,57,9,74,74,300,unlimited,customer044@example.invalid
dpad,dpad-C,客户045,62,9,74,74,300,unlimited,customer045@example.invalid
dpad,dpad-C,客户046,83,9,74,74,300,unlimited,customer046@example.invalid
dpad,dpad-C,客户047,86,450,68,74,300,unlimited,customer047@example.invalid
dpad,dpad-D,客户048,36,135,75,75,300,unlimited,customer048@example.invalid
dpad,dpad-D,客户049,38,135,75,75,300,unlimited,customer049@example.invalid
dpad,dpad-D,客户050,41,324,54,75,300,unlimited,customer050@example.invalid
dpad,dpad-D,客户051,49,387,67,75,300,unlimited,customer051@example.invalid
dpad,dpad-D,客户052,51,198,51,75,300,unlimited,customer052@example.invalid
dpad,dpad-D,客户053,59,324,54,75,300,unlimited,customer053@example.invalid
dpad,dpad-D,客户054,61,135,75,75,300,unlimited,customer054@example.invalid
dpad,dpad-D,客户055,63,135,75,75,300,unlimited,customer055@example.invalid
dpad,dpad-D,客户056,66,135,75,75,300,unlimited,customer056@example.invalid
wcan,wcan-A,客户057,2,261,53,53,300,unlimited,customer057@example.invalid
wcan,wcan-A,客户058,6,261,53,53,300,unlimited,customer058@example.invalid
wcan,wcan-A,客户059,7,198,51,53,300,unlimited,customer059@example.invalid
wcan,wcan-A,客户060,8,387,67,53,300,unlimited,customer060@example.invalid
wcan,wcan-A,客户061,69,198,51,53,300,unlimited,customer061@example.invalid
wcan,wcan-A,客户062,70,261,53,53,300,unlimited,customer062@example.invalid
wcan,wcan-A,客户063,72,261,53,53,300,unlimited,customer063@example.invalid
wcan,wcan-A,客户064,76,261,53,53,300,unlimited,customer064@example.invalid
wcan,wcan-A,客户065,77,135,75,53,300,unlimited,customer065@example.invalid
wcan,wcan-B,客户066,4,324,54,54,300,unlimited,customer066@example.invalid
wcan,wcan-B,客户067,5,9,74,54,300,unlimited,customer067@example.invalid
wcan,wcan-B,客户068,9,324,54,54,300,unlimited,customer068@example.invalid
wcan,wcan-B,客户069,11,72,47,54,300,unlimited,customer069@example.invalid
wcan,wcan-B,客户070,68,9,74,54,300,unlimited,customer070@example.invalid
wcan,wcan-B,客户071,71,324,54,54,300,unlimited,customer071@example.invalid
wcan,wcan-B,客户072,73,198,51,54,300,unlimited,customer072@example.invalid
wcan,wcan-B,客户073,75,72,47,54,300,unlimited,customer073@example.invalid
wcan,wcan-B,客户074,85,324,54,54,300,unlimited,customer074@example.invalid
